{"cameraMode":{"drawMode":0,"name":"Shaded","section":"Shading Mode"},"sceneLighting":false,"audioPlay":false,"sceneViewState":{"m_AlwaysRefresh":false,"showFog":true,"showSkybox":false,"showFlares":true,"showImageEffects":true,"showParticleSystems":true,"showVisualEffectGraphs":true,"m_FxEnabled":true},"in2DMode":false,"pivot":{"x":-0.018612384796142579,"y":4.61677360534668,"z":0.006774187088012695},"rotation":{"x":0.2007923275232315,"y":-0.055805057287216189,"z":0.011457564309239388,"w":0.9779760241508484},"size":5.1700663566589359,"orthographic":false}